Candidate_ID,Years_Experience,Python_Score,Degree,Has_Internship,Has_Referral,Hired
1,7.0,6,Bachelor,0,1,1
2,4.4,0,Master,1,0,0
3,7.6,7,PhD,1,0,1
4,11.1,10,Bachelor,1,0,1
5,4.1,2,Master,1,0,1
6,4.1,10,Bachelor,0,0,1
7,11.3,5,Bachelor,0,0,1
8,8.1,8,Bachelor,1,0,1
9,3.1,5,PhD,0,1,1
10,7.2,8,Master,0,0,1
11,3.1,6,Bachelor,0,1,1
12,3.1,8,Bachelor,0,1,1
13,6.0,1,Bachelor,1,0,0
14,0.0,7,Bachelor,0,0,0
15,0.0,7,Bachelor,0,0,0
16,2.8,1,Master,0,1,1
17,0.9,3,Bachelor,1,0,0
18,6.3,10,Bachelor,0,0,1
19,1.4,6,Bachelor,0,0,0
20,0.0,10,Master,1,0,1
21,10.9,3,Master,1,0,1
22,4.1,3,None,0,0,0
23,5.3,5,Master,0,0,1
24,0.0,9,Bachelor,0,1,1
25,2.8,5,None,0,0,0
26,5.4,9,Bachelor,0,1,1
27,0.4,2,Bachelor,0,0,0
28,6.5,8,Bachelor,0,1,1
29,2.6,9,PhD,0,0,1
30,3.8,10,Master,1,0,1
31,2.6,1,Master,1,0,0
32,12.4,5,Bachelor,1,1,1
33,4.9,6,Bachelor,0,0,1
34,0.8,8,Master,0,1,1
35,8.3,2,Bachelor,1,1,1
36,0.1,9,None,0,0,0
37,5.8,2,Bachelor,0,0,0
38,0.0,6,Master,0,0,0
39,0.0,3,Bachelor,1,0,0
40,5.8,7,None,1,1,1
41,8.0,6,Master,0,0,1
42,5.7,4,Bachelor,0,0,0
43,4.5,6,Bachelor,1,1,1
44,3.8,2,Bachelor,0,0,0
45,0.0,1,Bachelor,1,1,0
46,2.1,5,Master,1,0,0
47,3.2,1,Bachelor,1,0,0
48,9.2,2,Bachelor,0,0,1
49,6.4,5,Master,0,0,1
50,0.0,4,Master,0,0,0
51,6.3,7,Master,1,0,1
52,3.5,8,Bachelor,1,0,0
53,2.3,10,Bachelor,0,0,1
54,7.4,2,PhD,0,0,1
55,9.1,9,Master,1,0,1
56,8.7,2,None,1,0,1
57,1.6,2,None,1,0,0
58,3.8,5,Bachelor,0,0,0
59,6.3,0,PhD,0,0,1
60,8.9,6,Bachelor,1,0,1
61,3.1,0,Bachelor,1,0,0
62,4.3,4,Bachelor,0,0,0
63,0.6,9,Master,0,0,1
64,0.2,7,Master,0,1,1
65,8.3,3,Bachelor,0,0,1
66,10.4,4,Master,0,0,1
67,4.7,3,PhD,1,0,1
68,9.0,3,Bachelor,0,0,1
69,6.4,7,Bachelor,1,1,1
70,2.4,1,Bachelor,0,0,0
71,6.4,0,Master,1,0,1
72,11.2,2,Bachelor,1,0,1
73,4.9,8,Master,0,0,1
74,11.3,3,Master,0,0,1
75,0.0,9,Bachelor,0,0,0
76,8.3,4,PhD,0,0,1
77,5.3,1,Bachelor,1,0,0
78,3.8,3,Bachelor,1,0,0
79,5.4,1,Master,0,0,0
80,0.0,1,Master,0,0,0
81,4.1,3,Bachelor,0,0,0
82,6.4,5,Master,1,1,1
83,10.9,6,PhD,0,0,1
84,2.9,9,Bachelor,0,1,1
85,1.8,2,PhD,1,0,0
86,3.0,2,Bachelor,1,0,0
87,8.7,9,Bachelor,0,0,1
88,6.3,5,Bachelor,1,0,1
89,2.9,2,Master,0,0,0
90,7.1,1,Master,0,0,1
91,5.4,7,Bachelor,1,0,1
92,8.9,4,Bachelor,1,1,1
93,2.2,0,Master,0,0,0
94,3.7,2,None,0,0,0
95,3.4,9,Master,0,0,1
96,0.0,7,Master,0,0,0
97,6.2,3,Bachelor,0,0,1
98,6.0,6,PhD,0,0,1
99,5.0,9,Bachelor,0,1,1
100,4.1,1,PhD,1,0,1
101,0.0,6,Master,1,0,0
102,3.3,4,Master,1,0,0
103,3.6,4,Bachelor,0,1,1
104,1.8,5,Master,1,0,1
105,4.4,8,Bachelor,1,0,1
106,6.6,5,Bachelor,1,0,1
107,12.5,7,None,1,0,1
108,5.7,6,Bachelor,1,0,1
109,6.0,8,Bachelor,0,0,1
110,4.7,3,Master,0,0,0
111,0.0,1,Master,1,0,0
112,4.9,6,None,1,0,1
113,5.2,5,Master,1,0,1
114,14.9,0,Bachelor,0,0,1
115,4.2,10,Master,0,0,1
116,6.2,8,Master,0,0,1
117,4.9,8,Bachelor,1,0,1
118,0.3,1,Master,0,0,0
119,9.6,2,Bachelor,0,1,1
120,8.0,4,Bachelor,0,1,1
121,8.2,4,Master,0,0,1
122,1.4,0,Bachelor,1,0,0
123,10.6,7,Bachelor,1,0,1
124,0.0,7,Bachelor,1,0,0
125,7.3,3,Master,0,0,1
126,13.8,6,Bachelor,1,0,1
127,1.0,10,Bachelor,0,0,0
128,2.7,9,Master,1,0,1
129,5.4,2,Master,0,0,0
130,3.0,5,Bachelor,0,0,0
131,0.0,9,Bachelor,1,0,0
132,5.3,9,Bachelor,1,0,1
133,0.8,8,Bachelor,0,1,0
134,6.9,0,Bachelor,1,1,1
135,1.3,4,Master,0,0,0
136,11.2,3,Master,0,0,1
137,1.9,7,Master,0,0,0
138,3.7,10,Bachelor,0,0,1
139,8.3,0,Master,0,0,1
140,0.1,8,Bachelor,0,0,0
141,5.9,5,PhD,0,0,1
142,10.2,3,Master,1,0,1
143,0.0,8,Bachelor,0,0,0
144,5.7,10,Master,1,0,1
145,6.0,4,Bachelor,0,0,1
146,8.1,4,Master,1,0,1
147,0.1,4,None,0,1,0
148,0.0,0,Bachelor,0,0,0
149,7.1,0,Master,0,0,1
150,6.2,7,Bachelor,0,1,1
151,6.0,7,Master,0,1,1
152,6.4,5,Bachelor,1,0,1
153,2.3,10,Master,1,1,1
154,5.9,3,Master,1,0,0
155,6.2,1,Bachelor,1,0,0
156,2.1,1,Bachelor,0,0,0
157,12.5,8,Bachelor,0,0,1
158,6.9,4,None,0,0,1
159,0.2,3,Bachelor,0,0,0
160,7.6,9,Master,0,0,1
161,1.1,0,PhD,0,0,0
162,8.1,6,Master,0,0,1
163,9.6,2,Master,0,0,1
164,1.7,5,Master,1,0,0
165,8.9,4,Master,1,0,1
166,6.7,4,Bachelor,0,0,0
167,8.3,10,PhD,1,1,1
168,12.6,4,Master,1,0,1
169,4.0,0,Bachelor,0,0,0
170,2.0,0,Bachelor,0,0,0
171,1.4,2,Bachelor,0,0,0
172,1.7,9,Bachelor,1,0,0
173,4.7,3,Master,1,0,0
174,6.4,4,Bachelor,0,0,0
175,6.1,1,Bachelor,0,0,0
176,8.3,7,PhD,0,1,1
177,5.1,10,Bachelor,0,0,1
178,10.8,10,Bachelor,0,0,1
179,3.9,1,None,1,1,0
180,15.9,8,Master,1,0,1
181,7.5,1,PhD,1,0,1
182,1.6,8,Bachelor,1,0,1
183,0.7,6,Master,1,0,1
184,6.9,7,Bachelor,0,0,1
185,4.1,10,PhD,1,0,1
186,7.9,1,Master,0,0,1
187,6.9,6,Master,1,0,1
188,4.7,5,None,0,0,0
189,1.6,3,PhD,1,0,0
190,0.0,6,Master,0,0,0
191,3.2,3,Bachelor,0,1,0
192,8.4,1,Master,0,0,1
193,5.9,9,Bachelor,0,0,1
194,0.0,6,Master,1,0,0
195,5.7,7,Bachelor,1,0,1
196,6.5,1,Master,0,0,1
197,1.5,4,Bachelor,0,0,0
198,5.6,0,None,0,1,1
199,5.2,6,Bachelor,0,1,1
200,0.4,7,None,0,0,0
201,6.4,5,Bachelor,1,0,1
202,7.2,4,Bachelor,0,0,1
203,9.3,5,Bachelor,0,0,1
204,9.2,1,Bachelor,0,0,1
205,0.0,0,Bachelor,0,0,0
206,1.2,6,Master,0,0,0
207,7.1,6,None,1,0,1
208,7.1,9,PhD,0,0,1
209,7.1,10,Master,0,1,1
210,20.0,9,Master,0,0,1
211,7.3,1,Bachelor,0,0,0
212,9.5,1,Master,0,0,1
213,8.8,0,Bachelor,1,0,1
214,7.6,9,None,1,0,1
215,3.7,7,Bachelor,0,0,0
216,8.0,7,Master,0,0,1
217,1.9,0,None,0,0,0
218,4.1,10,Bachelor,0,0,1
219,3.1,7,PhD,1,0,0
220,5.3,8,Master,1,0,1
221,14.3,3,Bachelor,0,1,1
222,0.0,0,None,0,0,0
223,7.7,0,Master,0,0,0
224,0.0,2,Bachelor,1,0,0
225,3.1,4,Bachelor,1,1,1
226,9.4,4,None,0,0,1
227,5.3,8,PhD,0,0,1
228,0.7,9,Master,1,0,1
229,2.1,1,Master,0,0,0
230,7.7,1,Master,0,0,1
231,2.1,5,Bachelor,0,0,0
232,5.9,8,Bachelor,1,1,1
233,5.2,0,Bachelor,0,0,0
234,2.4,8,Bachelor,0,0,0
235,13.6,8,Bachelor,1,0,1
236,7.5,8,Master,0,0,1
237,0.0,4,Master,0,1,0
238,5.7,8,Master,0,0,1
239,2.4,10,Bachelor,0,0,0
240,8.4,3,Master,1,0,1
241,1.8,1,Master,0,0,0
242,4.5,5,Bachelor,0,0,0
243,7.0,3,Master,0,0,1
244,8.5,5,Bachelor,1,1,1
245,0.2,2,Bachelor,1,1,0
246,3.7,5,Bachelor,0,0,0
247,3.1,1,Bachelor,0,1,0
248,2.4,1,Bachelor,1,0,0
249,12.1,8,Master,0,0,1
250,6.6,6,PhD,1,0,1
251,0.0,2,Master,1,0,0
252,8.7,10,Master,1,0,1
253,13.5,0,Bachelor,0,0,1
254,9.1,7,Master,0,0,1
255,0.0,5,None,1,0,0
256,3.1,6,Bachelor,0,0,0
257,10.1,8,Bachelor,0,0,1
258,2.2,4,Bachelor,1,0,0
259,6.8,0,None,1,0,0
260,8.1,9,Bachelor,0,0,1
261,1.3,6,Bachelor,0,0,0
262,4.8,4,PhD,0,1,1
263,0.0,2,Bachelor,1,0,0
264,0.9,8,Bachelor,1,0,0
265,4.0,0,Bachelor,0,1,0
266,0.0,0,Master,0,0,0
267,11.5,0,Bachelor,1,0,1
268,0.0,2,Bachelor,0,0,0
269,3.2,5,Bachelor,0,1,1
270,5.5,9,None,1,0,1
271,10.8,10,None,0,0,1
272,0.0,2,Bachelor,1,0,0
273,9.7,7,None,0,0,1
274,5.0,9,Bachelor,0,0,1
275,1.1,1,Bachelor,1,0,0
276,6.8,8,Master,0,0,1
277,5.8,2,Bachelor,1,1,1
278,2.6,4,Bachelor,0,0,0
279,5.3,9,Bachelor,0,0,1
280,3.5,7,PhD,0,1,1
281,5.5,1,Bachelor,0,0,0
282,7.6,5,None,0,0,1
283,11.3,4,Master,0,0,1
284,0.0,9,Bachelor,0,1,1
285,13.5,8,Bachelor,0,0,1
286,0.0,4,Bachelor,1,0,0
287,4.4,1,Master,1,1,1
288,7.4,4,Bachelor,1,0,1
289,6.1,3,Master,0,1,1
290,2.5,10,PhD,0,1,1
291,4.2,6,Bachelor,1,0,0
292,3.0,5,Bachelor,0,0,0
293,2.6,1,Bachelor,0,0,0
294,8.4,10,Bachelor,1,0,1
295,6.4,10,Bachelor,1,0,1
296,2.2,4,PhD,0,0,0
297,8.6,6,Master,0,1,1
298,6.2,10,Master,1,0,1
299,8.3,6,Bachelor,0,0,1
300,7.5,4,Master,1,1,1
301,1.7,8,PhD,1,1,1
302,2.8,3,Master,1,0,0
303,8.0,10,None,0,1,1
304,7.4,2,Master,0,0,1
305,4.9,3,None,1,1,0
306,5.5,4,Bachelor,1,0,0
307,10.1,5,None,1,0,1
308,2.6,2,Master,0,0,0
309,7.2,1,Master,0,0,1
310,4.2,3,Bachelor,1,0,0
311,4.1,4,Bachelor,1,0,0
312,9.4,3,Bachelor,1,0,1
313,8.3,10,Bachelor,1,1,1
314,8.3,2,Bachelor,0,0,1
315,10.2,7,Bachelor,1,0,1
316,5.1,9,Master,1,0,1
317,7.7,3,None,0,0,1
318,3.8,1,None,1,1,1
319,6.3,1,Bachelor,0,1,1
320,4.5,0,PhD,0,0,0
321,5.4,3,Master,1,0,1
322,7.4,9,Master,0,0,1
323,1.7,8,Bachelor,0,0,0
324,13.4,10,Bachelor,0,1,1
325,1.0,6,None,0,0,0
326,0.1,9,Master,0,0,0
327,9.6,6,PhD,0,0,1
328,8.2,6,Master,1,0,1
329,7.5,7,Master,0,1,1
330,7.5,0,Master,0,0,0
331,5.0,9,Bachelor,0,0,1
332,1.4,9,PhD,1,0,1
333,5.3,7,None,0,0,1
334,2.3,3,Bachelor,1,0,0
335,8.9,3,Bachelor,1,0,1
336,4.4,3,None,1,0,0
337,1.7,5,Bachelor,0,0,0
338,3.7,6,Bachelor,1,0,0
339,6.7,5,Bachelor,0,0,1
340,2.7,0,Bachelor,1,0,0
341,1.7,7,None,1,0,0
342,6.0,9,Bachelor,0,0,1
343,6.0,10,Bachelor,0,0,1
344,3.0,6,Bachelor,0,0,0
345,3.1,5,Master,1,0,1
346,5.9,5,Master,0,0,1
347,0.0,4,Master,0,0,0
348,0.0,5,Master,0,0,0
349,2.1,8,Bachelor,1,0,0
350,4.1,9,Master,1,0,1
351,6.2,8,Bachelor,1,0,1
352,10.9,9,Bachelor,1,0,1
353,8.4,7,Master,0,1,1
354,4.4,9,Bachelor,0,0,1
355,4.9,8,Master,1,0,1
356,1.0,9,Master,0,0,0
357,4.9,7,Master,0,0,1
358,3.8,7,PhD,0,0,1
359,6.3,0,Bachelor,0,0,0
360,1.7,9,Bachelor,0,1,0
361,7.1,10,Bachelor,1,0,1
362,11.1,4,Bachelor,0,1,1
363,4.6,3,Master,0,0,1
364,6.6,1,Master,0,0,1
365,7.8,7,Master,1,0,1
366,3.4,2,Bachelor,0,0,0
367,5.9,3,Bachelor,1,0,0
368,5.1,6,Bachelor,1,0,0
369,5.4,9,Bachelor,0,0,1
370,1.9,8,Master,1,1,1
371,5.1,1,Bachelor,1,1,1
372,7.0,2,Bachelor,1,0,1
373,10.8,3,None,1,0,1
374,8.8,9,Master,0,0,1
375,13.6,0,Master,0,0,1
376,1.9,6,Bachelor,0,0,0
377,8.5,1,None,0,0,1
378,5.7,4,Bachelor,1,0,0
379,13.8,0,Bachelor,0,0,1
380,1.8,2,Master,1,1,0
381,1.6,1,Master,1,0,0
382,2.6,0,Bachelor,1,1,0
383,0.0,6,Bachelor,1,0,0
384,2.9,4,PhD,0,0,0
385,2.0,0,Bachelor,0,0,0
386,5.6,5,Master,0,0,1
387,6.4,4,Bachelor,0,0,1
388,12.5,2,Bachelor,0,0,1
389,8.8,6,None,0,0,1
390,2.7,10,Bachelor,1,0,1
391,1.4,9,PhD,0,0,1
392,7.0,8,Bachelor,0,0,1
393,0.0,8,None,1,0,0
394,12.3,8,None,0,0,1
395,9.7,1,Bachelor,0,0,1
396,3.1,2,Bachelor,1,0,0
397,0.0,6,None,1,1,0
398,10.4,4,Master,1,0,1
399,4.5,1,Bachelor,0,0,0
400,10.0,2,Bachelor,1,0,1
401,0.0,9,PhD,1,0,1
402,2.6,5,Bachelor,0,0,0
403,5.0,6,PhD,1,0,1
404,5.2,8,Bachelor,1,0,1
405,3.2,0,Master,0,0,0
406,7.5,10,Master,0,0,1
407,0.7,6,Master,1,0,0
408,4.4,7,PhD,1,0,1
409,5.5,2,Bachelor,0,1,1
410,7.1,3,PhD,1,0,1
411,7.8,9,Bachelor,0,0,1
412,0.5,5,Bachelor,0,0,0
413,0.0,9,Bachelor,0,0,0
414,10.1,6,Bachelor,1,1,1
415,6.3,3,Bachelor,1,0,1
416,2.0,7,Bachelor,0,1,1
417,11.2,4,Bachelor,0,1,1
418,5.5,0,Master,0,0,0
419,9.7,3,Master,1,0,1
420,5.3,2,Bachelor,1,0,0
421,13.2,8,Bachelor,1,1,1
422,12.0,7,Bachelor,1,0,1
423,4.0,0,Bachelor,1,0,0
424,8.9,10,None,0,0,1
425,7.6,5,Bachelor,0,0,1
426,10.5,8,Bachelor,0,0,1
427,1.1,6,PhD,1,0,1
428,7.7,3,Bachelor,1,1,1
429,9.2,0,Bachelor,0,1,1
430,0.0,1,Bachelor,1,1,0
431,0.3,4,Bachelor,0,0,0
432,0.0,10,Bachelor,0,0,0
433,3.9,4,Master,1,0,0
434,7.9,7,Bachelor,1,0,1
435,11.0,5,Bachelor,1,0,1
436,5.3,7,PhD,0,0,1
437,11.5,1,Master,0,0,1
438,0.0,2,Master,1,1,1
439,0.0,5,Bachelor,0,0,0
440,4.8,9,Master,0,0,1
441,6.5,2,Bachelor,1,0,1
442,4.9,5,Bachelor,0,0,0
443,0.0,5,None,1,0,0
444,4.6,1,Bachelor,1,1,1
445,0.0,6,Bachelor,0,1,0
446,7.7,1,Bachelor,0,1,1
447,6.5,5,PhD,1,1,1
448,1.2,0,PhD,1,0,0
449,2.9,2,Master,1,0,0
450,0.8,1,Bachelor,1,0,0
451,4.7,6,Master,1,0,1
452,8.8,3,Bachelor,1,0,1
453,1.1,7,Master,0,0,0
454,7.0,5,Bachelor,0,0,1
455,2.9,9,Master,0,0,1
456,1.8,3,Bachelor,0,0,0
457,4.6,4,Master,0,0,0
458,0.9,8,PhD,0,0,0
459,2.8,6,Bachelor,1,0,0
460,0.2,9,Bachelor,0,0,0
461,12.9,8,PhD,0,0,1
462,5.1,6,Bachelor,0,0,1
463,2.2,0,Master,0,0,0
464,5.9,7,Bachelor,0,0,1
465,4.6,3,Bachelor,0,0,0
466,4.1,2,Bachelor,0,0,0
467,7.5,6,Bachelor,1,0,1
468,8.0,2,Master,1,0,1
469,2.9,7,Bachelor,1,0,0
470,2.7,5,Bachelor,1,0,0
471,3.9,4,Bachelor,0,0,0
472,0.0,3,Bachelor,1,0,0
473,0.0,7,Master,1,0,0
474,10.5,7,PhD,0,0,1
475,11.6,0,Bachelor,1,0,1
476,4.0,8,Master,0,0,1
477,7.3,4,Master,1,0,1
478,6.2,3,Bachelor,1,0,1
479,17.3,5,PhD,0,0,1
480,9.5,5,Bachelor,1,0,1
481,4.5,1,Bachelor,1,0,0
482,1.2,7,Master,1,0,0
483,0.0,6,Bachelor,0,0,0
484,5.8,0,Master,1,0,0
485,2.0,4,Master,0,1,0
486,0.0,5,None,0,0,0
487,2.4,3,Master,0,0,0
488,0.7,1,Bachelor,1,0,0
489,11.7,3,Bachelor,1,0,1
490,8.5,0,Master,1,0,1
491,5.0,6,PhD,1,0,1
492,10.9,1,None,0,0,1
493,5.3,1,Bachelor,0,1,0
494,1.6,8,Master,0,0,0
495,11.1,4,Master,0,0,1
496,7.2,1,Master,0,1,1
497,0.9,10,Bachelor,0,0,0
498,4.2,8,Bachelor,0,1,1
499,1.5,8,Bachelor,0,0,0
500,0.0,0,Master,0,1,0
501,8.7,10,Bachelor,0,0,1
502,12.6,2,Bachelor,1,0,1
503,0.0,3,PhD,1,1,1
504,7.3,6,None,1,0,1
505,2.4,9,PhD,0,0,1
506,3.1,3,Master,0,0,0
507,2.6,1,Master,1,0,0
508,1.5,6,Bachelor,0,0,0
509,5.2,5,None,0,0,1
510,1.7,2,Master,0,0,0
511,6.1,5,Master,0,0,1
512,4.8,10,Master,0,0,1
513,4.0,5,Bachelor,0,0,0
514,1.4,4,Master,1,0,0
515,2.7,3,Master,0,0,0
516,8.0,9,Master,0,0,1
517,7.0,0,Master,1,0,1
518,1.1,9,Master,0,0,0
519,5.4,5,Master,0,0,1
520,8.0,1,None,1,0,1
521,0.0,2,Bachelor,0,1,0
522,7.2,7,None,0,0,1
523,2.3,9,Bachelor,0,0,0
524,7.3,5,Bachelor,0,0,1
525,1.9,2,None,0,0,0
526,0.0,6,Bachelor,1,1,0
527,0.0,3,Bachelor,0,0,0
528,5.2,8,Master,0,0,1
529,6.0,4,PhD,0,1,1
530,1.4,2,None,0,0,0
531,7.6,1,PhD,1,0,1
532,0.0,10,Bachelor,0,0,0
533,4.7,1,Bachelor,0,0,0
534,0.2,2,None,0,1,0
535,2.4,1,Bachelor,0,1,0
536,5.2,3,Master,0,0,0
537,1.6,1,Master,1,0,0
538,3.5,9,None,0,1,1
539,9.0,8,None,0,0,1
540,2.7,1,Bachelor,0,0,0
541,8.3,8,Bachelor,1,1,1
542,0.5,5,Bachelor,0,0,0
543,7.1,0,Bachelor,1,0,0
544,10.8,3,Master,1,0,1
545,0.0,0,PhD,1,1,0
546,1.8,5,Bachelor,0,0,0
547,7.3,3,PhD,0,0,1
548,4.2,2,Bachelor,1,0,0
549,6.5,2,Bachelor,1,0,0
550,2.6,8,Bachelor,1,0,0
551,5.3,5,Master,0,0,1
552,4.4,8,PhD,0,0,1
553,9.7,4,Master,0,0,1
554,6.0,1,Bachelor,1,1,1
555,6.4,7,Master,0,0,1
556,3.4,4,Bachelor,0,1,0
557,3.0,1,Master,1,0,0
558,3.3,3,Bachelor,0,0,0
559,6.6,8,Bachelor,1,0,1
560,3.3,3,Bachelor,0,0,0
561,6.2,3,Master,0,1,1
562,13.3,1,None,0,0,1
563,8.5,5,Master,1,0,1
564,3.7,10,Bachelor,0,0,1
565,9.8,1,Master,0,0,1
566,3.4,6,Master,1,0,1
567,0.0,2,Master,0,0,0
568,1.0,2,Bachelor,0,0,0
569,0.0,4,Bachelor,0,0,0
570,3.6,2,Bachelor,0,0,0
571,5.1,1,Master,1,0,0
572,11.7,9,Bachelor,0,0,1
573,6.3,8,Bachelor,0,0,1
574,4.1,1,Bachelor,0,0,0
575,8.3,10,Bachelor,1,0,1
576,0.0,1,Master,0,0,0
577,5.9,7,None,0,0,1
578,8.1,8,Master,0,1,1
579,0.0,6,Bachelor,0,0,0
580,9.6,2,None,0,0,1
581,6.4,8,Bachelor,0,1,1
582,3.3,2,None,1,1,1
583,7.5,4,Bachelor,0,0,1
584,14.1,8,Master,1,1,1
585,5.7,2,None,1,0,0
586,6.0,6,Master,0,0,1
587,3.2,0,None,0,0,0
588,1.6,3,Bachelor,0,0,0
589,8.3,3,Master,1,0,1
590,1.6,6,Bachelor,0,0,0
591,5.3,7,Bachelor,0,0,1
592,3.1,0,Bachelor,0,1,0
593,6.9,4,Bachelor,1,1,1
594,6.3,6,Master,1,0,1
595,9.2,3,Bachelor,0,1,1
596,3.0,3,Master,1,1,0
597,3.9,3,Master,0,0,0
598,1.1,5,Bachelor,0,0,0
599,3.2,6,PhD,1,0,1
600,6.5,1,Bachelor,0,1,1
601,8.0,4,PhD,0,0,1
602,1.3,3,None,0,0,0
603,8.5,2,Master,1,0,1
604,10.4,6,Bachelor,1,0,1
605,6.7,10,Bachelor,1,0,1
606,12.5,5,Master,1,0,1
607,1.9,6,Master,0,0,0
608,0.0,4,None,0,1,0
609,0.0,5,Bachelor,0,1,0
610,11.0,4,Master,0,0,1
611,7.6,6,Master,0,1,1
612,4.8,1,PhD,1,0,1
613,6.1,10,Master,0,0,1
614,0.5,4,PhD,0,0,0
615,14.8,5,Master,0,1,1
616,5.5,5,Bachelor,0,1,1
617,5.4,4,Bachelor,1,0,0
618,7.9,9,Master,0,1,1
619,6.9,6,Master,0,0,1
620,5.9,9,None,1,0,1
621,1.8,7,Bachelor,0,0,0
622,6.9,6,PhD,0,0,1
623,12.5,4,Bachelor,0,0,1
624,10.4,0,Bachelor,0,1,1
625,11.4,4,Bachelor,1,0,1
626,3.0,9,Bachelor,1,0,0
627,1.0,1,Bachelor,0,0,0
628,4.5,4,Bachelor,1,0,0
629,5.2,4,None,0,1,1
630,9.4,1,Master,0,0,1
631,0.0,4,Bachelor,0,0,0
632,11.1,3,Master,0,1,1
633,4.4,0,Master,0,0,0
634,3.3,2,Bachelor,1,0,0
635,1.0,0,Master,1,0,0
636,0.0,10,Bachelor,0,0,0
637,8.3,4,Master,0,0,1
638,5.3,3,Bachelor,0,0,0
639,0.0,6,Master,0,1,0
640,0.0,4,Master,0,1,0
641,3.7,9,Bachelor,0,0,1
642,11.7,3,Bachelor,1,0,1
643,4.0,1,Master,0,1,0
644,0.0,3,Master,0,0,0
645,4.0,1,Bachelor,0,0,0
646,3.9,7,Master,0,0,1
647,0.0,2,Bachelor,0,1,0
648,4.8,8,Master,1,0,1
649,4.1,3,Bachelor,0,0,0
650,7.8,5,Master,1,0,1
651,12.4,9,Bachelor,0,1,1
652,9.5,4,Bachelor,0,0,1
653,3.9,9,None,0,1,1
654,0.6,0,Bachelor,1,0,0
655,15.3,8,Bachelor,0,0,1
656,5.2,0,Bachelor,1,0,0
657,5.1,7,Master,0,0,1
658,4.9,8,None,1,1,1
659,5.8,8,Bachelor,0,0,1
660,4.4,0,Bachelor,1,0,0
661,2.7,1,None,0,0,0
662,2.8,0,Bachelor,1,0,0
663,4.9,9,Bachelor,0,0,1
664,2.8,1,Bachelor,0,0,0
665,2.1,9,Bachelor,0,1,1
666,5.4,7,Bachelor,1,0,1
667,4.0,4,Bachelor,0,0,0
668,11.0,10,None,1,0,1
669,0.0,6,Bachelor,0,0,0
670,9.4,1,PhD,0,0,1
671,10.0,7,Bachelor,0,1,1
672,0.0,10,Master,1,0,0
673,3.6,5,Bachelor,1,0,0
674,3.5,7,Master,1,0,1
675,0.0,0,Master,0,1,0
676,1.9,0,Bachelor,1,0,0
677,0.6,6,PhD,1,0,0
678,12.0,7,Bachelor,0,0,1
679,8.7,2,None,1,0,1
680,10.1,4,Master,1,0,1
681,7.9,0,Master,1,0,1
682,0.5,6,Bachelor,1,0,0
683,2.9,4,Bachelor,0,0,0
684,7.0,7,None,0,1,1
685,0.1,7,Bachelor,1,0,0
686,7.9,8,Master,0,0,1
687,4.0,6,Bachelor,1,0,0
688,3.5,10,Bachelor,1,0,0
689,7.8,0,Bachelor,1,0,1
690,6.8,2,None,1,0,1
691,3.6,7,Bachelor,0,0,0
692,9.6,2,Master,0,0,1
693,0.7,7,PhD,0,1,1
694,7.5,0,Master,0,0,1
695,7.4,4,None,0,1,1
696,3.8,3,Master,0,0,0
697,6.3,4,Master,1,0,1
698,0.0,7,Master,1,0,0
699,8.7,9,Bachelor,0,0,1
700,4.3,3,Bachelor,0,0,1
701,2.9,10,Bachelor,1,0,0
702,9.2,3,None,0,1,1
703,2.2,2,Bachelor,0,1,0
704,0.0,6,Bachelor,0,0,0
705,0.0,2,Bachelor,0,0,0
706,7.4,2,Master,0,0,1
707,0.0,10,Bachelor,1,0,0
708,12.0,9,None,0,0,1
709,0.0,4,PhD,0,1,0
710,11.8,4,PhD,0,0,1
711,5.8,5,Master,0,0,1
712,4.6,7,PhD,1,0,1
713,2.8,9,Bachelor,1,0,0
714,6.6,5,PhD,1,0,1
715,4.8,0,None,0,0,0
716,9.4,7,Bachelor,1,0,1
717,5.5,7,Bachelor,1,0,1
718,5.6,8,Bachelor,1,0,1
719,3.5,8,Bachelor,0,1,1
720,4.8,1,Master,0,0,0
721,6.2,1,Master,0,0,1
722,0.0,2,Bachelor,1,0,0
723,0.0,0,Bachelor,0,0,0
724,8.0,3,Master,0,0,1
725,5.7,3,Master,1,1,1
726,4.3,8,Bachelor,1,0,0
727,5.1,8,Master,1,0,1
728,6.4,8,Bachelor,0,0,1
729,2.8,9,Bachelor,1,0,0
730,1.9,6,PhD,0,1,1
731,5.8,1,Bachelor,0,1,1
732,1.1,9,Bachelor,0,0,0
733,6.6,4,Master,0,0,1
734,0.0,3,Master,0,0,0
735,9.1,10,None,1,1,1
736,6.9,7,Bachelor,0,0,1
737,6.0,1,None,1,1,1
738,8.9,5,Master,0,0,1
739,11.7,4,Bachelor,0,0,1
740,9.1,1,Bachelor,0,0,1
741,0.0,10,PhD,0,1,1
742,0.0,9,Bachelor,0,1,1
743,2.5,0,Bachelor,0,0,0
744,5.1,7,Bachelor,0,0,1
745,7.1,1,Master,0,0,1
746,2.1,6,None,0,0,0
747,5.7,8,Bachelor,1,0,1
748,2.0,8,Master,0,0,0
749,2.6,7,Bachelor,1,1,1
750,0.0,10,Bachelor,1,0,0
751,1.3,9,Bachelor,1,1,1
752,0.0,8,None,1,0,0
753,1.1,1,Bachelor,0,0,0
754,9.2,5,Bachelor,1,0,1
755,1.2,3,Bachelor,1,0,0
756,15.5,3,None,0,0,1
757,7.0,4,Master,0,0,1
758,5.7,2,PhD,0,0,1
759,1.6,0,Master,1,0,0
760,7.8,7,Master,1,0,1
761,2.7,4,Bachelor,0,0,0
762,5.5,2,PhD,0,1,1
763,15.2,9,Bachelor,0,1,1
764,4.6,6,PhD,0,0,1
765,9.6,6,PhD,1,0,1
766,2.2,0,Master,0,0,0
767,4.9,8,PhD,0,1,1
768,12.1,1,Bachelor,0,0,1
769,2.5,4,Bachelor,1,0,0
770,12.2,4,Bachelor,0,0,1
771,7.8,7,Bachelor,1,0,1
772,2.8,7,None,0,0,0
773,7.5,6,Master,0,0,1
774,8.9,6,PhD,0,0,1
775,7.5,10,Bachelor,0,0,1
776,0.0,5,Master,0,0,0
777,2.1,5,PhD,1,0,0
778,4.0,10,PhD,1,1,1
779,4.7,8,PhD,1,0,1
780,7.5,5,Bachelor,0,1,1
781,5.7,1,PhD,1,0,1
782,0.0,1,Master,0,0,0
783,6.5,4,Bachelor,0,1,1
784,7.4,3,Bachelor,0,0,1
785,7.2,10,Master,0,1,1
786,9.3,1,Bachelor,1,0,1
787,8.3,2,Master,0,1,1
788,6.8,6,Master,0,0,1
789,4.7,7,Bachelor,1,0,1
790,0.0,5,Bachelor,0,0,0
791,6.7,10,Master,0,1,1
792,5.8,4,Bachelor,0,1,1
793,6.1,0,None,1,1,1
794,0.0,7,None,1,1,0
795,0.7,2,Bachelor,0,0,0
796,9.2,5,PhD,0,0,1
797,4.8,2,Bachelor,0,0,0
798,7.7,6,Master,1,0,1
799,5.1,6,Bachelor,0,0,1
800,5.1,8,Bachelor,0,0,1
801,8.8,4,Master,0,0,1
802,2.9,7,Master,0,0,0
803,5.4,9,None,0,0,1
804,3.2,9,Bachelor,1,0,0
805,3.3,7,None,0,0,0
806,3.8,0,Bachelor,0,0,0
807,5.9,4,Master,1,0,1
808,3.1,2,Bachelor,1,0,0
809,10.0,0,Bachelor,0,0,1
810,1.4,3,Bachelor,0,0,0
811,4.3,7,PhD,0,0,1
812,3.2,2,PhD,1,0,0
813,10.8,9,None,0,0,1
814,5.8,1,Master,1,0,0
815,9.1,10,Bachelor,1,0,1
816,0.0,8,Bachelor,0,1,0
817,6.1,9,Master,0,1,1
818,8.6,4,PhD,0,0,1
819,5.3,6,PhD,0,0,1
820,9.3,10,Bachelor,0,0,1
821,2.9,10,Bachelor,1,0,1
822,10.6,1,Master,1,1,1
823,14.2,8,Bachelor,0,0,1
824,3.5,8,Bachelor,1,0,1
825,3.2,3,Bachelor,0,0,0
826,10.8,3,Master,0,1,1
827,11.3,5,Bachelor,0,0,1
828,2.9,9,Bachelor,1,0,0
829,3.3,9,PhD,1,0,1
830,3.9,9,Bachelor,1,0,1
831,0.0,5,Bachelor,0,0,0
832,1.3,0,Bachelor,0,0,0
833,1.0,8,None,0,1,0
834,1.9,1,None,0,1,0
835,4.9,4,Bachelor,1,1,1
836,5.9,8,Master,1,0,1
837,11.2,3,Bachelor,1,1,1
838,1.0,10,PhD,0,0,0
839,8.9,2,Bachelor,0,0,1
840,4.1,6,Bachelor,0,0,0
841,4.8,5,Bachelor,0,0,0
842,7.7,7,Bachelor,0,0,1
843,0.5,2,Master,1,0,0
844,6.5,4,Bachelor,1,0,1
845,5.7,9,Bachelor,0,1,1
846,7.0,3,Master,0,0,1
847,6.2,3,PhD,0,0,1
848,14.8,3,Master,0,0,1
849,2.4,9,Bachelor,1,0,0
850,2.9,7,Master,0,0,1
851,2.5,5,Bachelor,0,0,0
852,2.8,2,Bachelor,0,0,0
853,2.5,9,Bachelor,1,0,0
854,9.8,4,Bachelor,0,0,1
855,10.7,5,Bachelor,0,1,1
856,2.7,4,Bachelor,0,0,0
857,1.7,5,Master,1,0,0
858,6.9,7,Bachelor,1,1,1
859,2.8,6,None,0,0,0
860,7.5,4,None,1,0,1
861,5.8,9,PhD,1,1,1
862,0.0,5,Bachelor,1,0,0
863,11.2,3,Bachelor,1,0,1
864,12.2,8,Master,1,0,1
865,2.5,3,Master,0,0,0
866,3.4,0,Bachelor,1,0,0
867,6.1,6,Master,0,0,1
868,6.3,6,Master,1,0,1
869,7.6,3,Master,0,0,1
870,13.0,2,Bachelor,1,0,1
871,4.3,7,Master,1,0,1
872,1.8,4,Bachelor,0,0,0
873,0.0,9,Bachelor,1,0,0
874,2.1,6,Bachelor,0,0,0
875,4.9,3,None,1,1,1
876,12.2,3,Bachelor,0,0,1
877,2.9,7,Master,0,0,0
878,5.9,7,None,1,0,1
879,4.9,1,Bachelor,0,0,0
880,9.8,1,Bachelor,1,1,1
881,15.1,2,None,0,0,1
882,2.9,2,PhD,0,1,1
883,3.0,0,Bachelor,0,0,0
884,9.2,2,Bachelor,0,0,1
885,7.7,5,Bachelor,0,0,1
886,12.4,7,Bachelor,0,1,1
887,7.3,9,None,0,0,1
888,3.6,5,Master,0,0,0
889,7.4,4,PhD,1,0,1
890,9.4,3,Bachelor,1,0,1
891,8.3,2,Master,0,1,1
892,7.0,3,Master,1,0,1
893,9.3,6,Master,0,0,1
894,9.7,0,Bachelor,1,0,1
895,10.5,6,Bachelor,1,0,1
896,7.6,0,Bachelor,1,1,1
897,4.3,1,Master,0,0,0
898,5.6,3,Master,1,0,1
899,9.8,0,Bachelor,0,1,1
900,1.7,10,Bachelor,1,0,0
901,6.5,10,PhD,0,0,1
902,3.4,10,Master,1,0,1
903,5.1,8,PhD,1,0,1
904,10.1,5,Master,1,0,1
905,5.8,0,Bachelor,0,1,1
906,5.2,0,Bachelor,1,0,0
907,0.0,5,Master,0,0,0
908,8.0,3,None,1,1,1
909,7.6,3,Bachelor,0,0,1
910,13.7,10,Master,0,0,1
911,3.8,5,Bachelor,0,0,0
912,5.9,10,Master,0,1,1
913,6.0,6,Bachelor,0,0,1
914,11.3,8,PhD,0,0,1
915,4.6,9,None,0,1,1
916,6.1,4,Bachelor,1,0,1
917,7.4,8,Master,1,0,1
918,5.7,3,Bachelor,0,1,1
919,3.2,9,Master,0,0,1
920,5.8,1,Master,0,0,0
921,9.3,2,Bachelor,0,1,1
922,0.9,10,Bachelor,1,0,0
923,5.5,0,Bachelor,1,0,0
924,2.2,5,Bachelor,0,1,1
925,9.8,5,PhD,0,1,1
926,0.0,0,Master,0,0,0
927,2.8,10,Master,1,0,1
928,6.5,2,Master,1,0,1
929,11.3,4,Bachelor,0,0,1
930,4.7,2,PhD,0,0,1
931,2.8,9,Master,1,0,1
932,12.5,2,Master,1,0,1
933,0.0,9,Master,0,0,0
934,0.0,2,Bachelor,0,0,0
935,6.8,4,Master,0,0,1
936,3.0,4,Bachelor,0,0,0
937,0.9,3,Bachelor,0,0,0
938,7.8,0,Bachelor,0,0,0
939,6.0,4,PhD,0,0,1
940,2.7,9,Master,0,0,1
941,0.0,4,Master,1,0,0
942,8.5,3,Master,0,1,1
943,7.6,5,Bachelor,0,0,1
944,4.6,9,PhD,0,1,1
945,12.4,3,Bachelor,0,0,1
946,0.7,6,Bachelor,1,0,0
947,0.0,6,Bachelor,0,1,0
948,2.2,1,Master,0,0,0
949,4.8,2,Master,1,0,0
950,6.0,0,Bachelor,0,0,0
951,4.0,7,None,1,0,0
952,6.4,8,Master,0,0,1
953,0.0,3,None,0,0,0
954,10.8,5,Master,0,0,1
955,4.7,8,PhD,0,0,1
956,9.5,5,Bachelor,1,1,1
957,6.4,8,Bachelor,1,0,1
958,6.8,3,Master,0,0,0
959,7.3,7,Master,0,1,1
960,6.8,8,Bachelor,1,0,1
961,7.6,3,PhD,1,0,1
962,10.3,4,None,0,0,1
963,5.8,7,Bachelor,0,0,1
964,7.8,9,Master,0,0,1
965,4.6,5,Master,1,0,1
966,10.8,6,Bachelor,0,1,1
967,2.3,2,Master,0,0,0
968,12.2,6,Bachelor,1,0,1
969,4.8,7,Bachelor,0,0,1
970,0.0,9,Bachelor,0,0,0
971,5.5,5,Master,0,1,1
972,2.3,9,Bachelor,0,0,0
973,8.4,8,Bachelor,0,0,1
974,2.4,5,Bachelor,0,1,1
975,3.2,8,Master,0,0,1
976,0.0,3,Master,0,0,0
977,3.2,7,Master,1,0,0
978,0.0,10,Bachelor,1,1,1
979,0.0,3,Master,0,0,0
980,8.0,1,Bachelor,0,1,1
981,8.1,9,Master,0,0,1
982,6.7,10,PhD,0,0,1
983,1.1,8,None,0,1,1
984,4.8,4,Master,1,0,1
985,5.0,3,None,0,0,0
986,0.4,1,Bachelor,0,0,0
987,11.0,0,Bachelor,0,0,1
988,8.5,10,Bachelor,1,0,1
989,4.1,6,Bachelor,0,0,0
990,5.1,5,Master,1,0,1
991,5.8,1,Bachelor,0,0,0
992,0.0,7,Master,1,0,0
993,4.0,10,Bachelor,1,0,1
994,2.3,3,None,0,0,0
995,1.0,7,Master,0,1,1
996,3.9,6,Bachelor,0,0,1
997,12.2,4,Bachelor,0,0,1
998,7.6,9,Master,1,1,1
999,2.7,9,Bachelor,1,0,1
1000,7.3,7,None,1,1,1
